{
    "BackGround": {
        "COLOR背景の色": [
            0.6666666269302368,
            0.18412290513515472,
            0.17158928513526917,
            1.0
        ],
        "スケール": 23.3799991607666,
        "タイトル": {
            "さんどうぃっち": {
                "さんどうぃっちのスケール": 0.7599999904632568,
                "さんどうぃっちの座標": [
                    350.0,
                    200.0
                ]
            },
            "スタート": {
                "スタートのスケール": 0.7699999809265137,
                "スタートの座標": [
                    350.0,
                    90.0
                ]
            },
            "スペース": {
                "スペースのスケール": 0.5,
                "スペースの座標": [
                    350.0,
                    520.0
                ]
            }
        },
        "チェック": {
            "COLOR色": [
                0.7890295386314392,
                0.4137527048587799,
                0.33292385935783386,
                0.3176470696926117
            ],
            "幅": 19.530000686645508,
            "最初の座標": -24.139999389648438,
            "横の数": 19,
            "移動": [
                30.0,
                -30.0
            ],
            "縦の数": 26
        }
    }
}
