{
    "Timer": {
        "テロップ": {
            "スケール": 1.2899999618530273,
            "座標": [
                363.8699951171875,
                300.0
            ],
            "間隔": 80.43000030517578
        },
        "テロップのスケール": 0.6000000238418579,
        "制限時間": 120,
        "残りの位置": [
            236.85000610351563,
            300.0
        ],
        "秒の位置": [
            475.2300109863281,
            300.0
        ],
        "背景": {
            "スケール": 0.800000011920929,
            "座標": [
                350.0,
                320.0
            ],
            "間隔": 160.0
        }
    }
}
