{
    "Equipment": {
        "生成関係": {
            "ステージの分割数": 10,
            "ステージの幅": 10.0,
            "初期のy座標": 22.0
        },
        "落下関係": {
            "分裂までの反射回数": 5,
            "反発係数": 1.0,
            "最大速度": 5.659999847412109,
            "落下の加速度": 0.09000000357627869
        }
    }
}
