{
    "BackGround": {
        "COLOR背景の色": [
            0.9353039860725403,
            0.945147693157196,
            0.16749455034732819,
            1.0
        ],
        "スケール": 21.90999984741211,
        "タイトル": {
            "さんどうぃっち": {
                "さんどうぃっちのスケール": 0.7599999904632568,
                "さんどうぃっちの座標": [
                    300.0,
                    300.0
                ]
            },
            "スタート": {
                "スタートのスケール": 1.0,
                "スタートの座標": [
                    300.0,
                    100.0
                ]
            },
            "スペース": {
                "スペースのスケール": 1.0,
                "スペースの座標": [
                    300.0,
                    621.3099975585938
                ]
            }
        },
        "チェック": {
            "COLOR色": [
                0.3608834743499756,
                0.03921568766236305,
                0.4627451002597809,
                0.3176470696926117
            ],
            "幅": 19.530000686645508,
            "最初の座標": -24.139999389648438,
            "横の数": 18,
            "移動": [
                30.0,
                -30.0
            ],
            "縦の数": 16
        }
    }
}
