{
    "BackGround": {
        "COLOR背景の色": [
            0.9353039860725403,
            0.945147693157196,
            0.16749455034732819,
            1.0
        ],
        "スケール": 24.059999465942383,
        "チェック": {
            "COLOR色": [
                0.7215189933776855,
                0.49769890308380127,
                0.18570740520954132,
                0.3176470696926117
            ],
            "幅": 19.530000686645508,
            "最初の座標": -24.139999389648438,
            "横の数": 18,
            "移動": [
                30.0,
                -30.0
            ],
            "縦の数": 16
        }
    }
}
