{
    "Frame": {
        "プラスの数字": {
            "スケール": 0.9300000071525574,
            "座標": [
                35.0,
                420.0
            ],
            "間隔": 30.0
        },
        "分母関係": {
            "分母0": 10,
            "分母1": 15,
            "分母2": 20,
            "分母3": 25,
            "分母4": 30,
            "分母5": 40,
            "分母6": 45,
            "分母7": 50,
            "分母の設定する数": 8
        },
        "客の数字": {
            "スケール": 1.2999999523162842,
            "座標": [
                624.4400024414063,
                450.0
            ],
            "間隔": 30.0
        },
        "最大の数字": {
            "スケール": 0.9300000071525574,
            "座標": [
                46.0,
                560.0
            ],
            "間隔": 28.459999084472656
        },
        "配置": {
            "プラス": {
                "プラスのスケール": 0.699999988079071,
                "プラスの座標": [
                    35.0,
                    450.0
                ]
            },
            "ボーナス": {
                "ボーナスのスケール": 1.0,
                "ボーナスの座標": [
                    675.0,
                    179.61000061035156
                ]
            },
            "ボーナスライン": {
                "ボーナスラインのスケール": 0.8500000238418579,
                "ボーナスラインの座標": [
                    27.0,
                    282.8800048828125
                ]
            },
            "人目": {
                "人目のスケール": 0.8999999761581421,
                "人目の座標": [
                    666.3499755859375,
                    500.0
                ]
            },
            "今の数の枠": {
                "今の数の枠のスケール": 0.800000011920929,
                "今の数の枠の座標": [
                    30.0,
                    540.0
                ]
            },
            "全体の枠": {
                "全体の枠のスケール": 1.0,
                "全体の枠の座標": [
                    350.0,
                    375.0
                ]
            },
            "分数の棒": {
                "分数の棒のスケール": 0.15000000596046448,
                "分数の棒の座標": [
                    48.27000045776367,
                    530.0
                ]
            },
            "加算分の枠": {
                "加算分の枠のスケール": 0.6200000047683716,
                "加算分の枠の座標": [
                    30.559999465942383,
                    440.0
                ]
            },
            "客の枠": {
                "客の枠のスケール": 0.800000011920929,
                "客の枠の座標": [
                    660.0,
                    460.0
                ]
            },
            "最大": {
                "最大のスケール": 0.5199999809265137,
                "最大の座標": [
                    108.20999908447266,
                    460.0
                ]
            },
            "最大の枠": {
                "最大の枠のスケール": 0.4000000059604645,
                "最大の枠の座標": [
                    106.36000061035156,
                    460.0
                ]
            }
        },
        "食べた数字": {
            "スケール": 0.800000011920929,
            "座標": [
                46.0,
                500.0
            ],
            "間隔": 22.850000381469727
        }
    }
}
