{
    "Frame": {
        "プラスの数字": {
            "スケール": 0.8999999761581421,
            "座標": [
                41.5,
                254.24000549316406
            ],
            "間隔": 30.0
        },
        "客の数字": {
            "スケール": 1.5,
            "座標": [
                620.0,
                338.010009765625
            ],
            "間隔": 30.0
        },
        "最大の数字": {
            "スケール": 1.0,
            "座標": [
                46.0,
                430.0
            ],
            "間隔": 30.0
        },
        "最大数": 100,
        "配置": {
            "プラス": {
                "プラスのスケール": 0.800000011920929,
                "プラスの座標": [
                    40.0,
                    293.239990234375
                ]
            },
            "ボーナス": {
                "ボーナスのスケール": 1.0,
                "ボーナスの座標": [
                    675.0,
                    150.0
                ]
            },
            "人目": {
                "人目のスケール": 1.0,
                "人目の座標": [
                    660.0,
                    390.0
                ]
            },
            "今の数の枠": {
                "今の数の枠のスケール": 0.8999999761581421,
                "今の数の枠の座標": [
                    30.0,
                    400.0
                ]
            },
            "全体の枠": {
                "全体の枠のスケール": 1.0,
                "全体の枠の座標": [
                    350.0,
                    375.0
                ]
            },
            "分数の棒": {
                "分数の棒のスケール": 0.15000000596046448,
                "分数の棒の座標": [
                    48.27000045776367,
                    400.0
                ]
            },
            "加算分の枠": {
                "加算分の枠のスケール": 0.7200000286102295,
                "加算分の枠の座標": [
                    30.559999465942383,
                    283.989990234375
                ]
            },
            "客の枠": {
                "客の枠のスケール": 0.8999999761581421,
                "客の枠の座標": [
                    660.0,
                    360.0
                ]
            },
            "最大": {
                "最大のスケール": 0.6000000238418579,
                "最大の座標": [
                    113.29000091552734,
                    301.19000244140625
                ]
            },
            "最大の枠": {
                "最大の枠のスケール": 0.5,
                "最大の枠の座標": [
                    110.0,
                    300.0
                ]
            }
        },
        "食べた数字": {
            "スケール": 1.0,
            "座標": [
                45.0,
                370.0
            ],
            "間隔": 30.0
        }
    }
}
