{
    "Frame": {
        "プラスの数字": {
            "スケール": 0.9300000071525574,
            "座標": [
                35.0,
                263.0
            ],
            "間隔": 30.0
        },
        "客の数字": {
            "スケール": 1.2999999523162842,
            "座標": [
                624.4400024414063,
                338.25
            ],
            "間隔": 30.0
        },
        "最大の数字": {
            "スケール": 0.9300000071525574,
            "座標": [
                46.0,
                427.260009765625
            ],
            "間隔": 28.459999084472656
        },
        "最大数": 100,
        "配置": {
            "プラス": {
                "プラスのスケール": 0.699999988079071,
                "プラスの座標": [
                    35.0,
                    310.0
                ]
            },
            "ボーナス": {
                "ボーナスのスケール": 1.0,
                "ボーナスの座標": [
                    675.0,
                    150.0
                ]
            },
            "人目": {
                "人目のスケール": 0.8999999761581421,
                "人目の座標": [
                    666.3499755859375,
                    390.2099914550781
                ]
            },
            "今の数の枠": {
                "今の数の枠のスケール": 0.800000011920929,
                "今の数の枠の座標": [
                    30.0,
                    406.0
                ]
            },
            "全体の枠": {
                "全体の枠のスケール": 1.0,
                "全体の枠の座標": [
                    350.0,
                    375.0
                ]
            },
            "分数の棒": {
                "分数の棒のスケール": 0.15000000596046448,
                "分数の棒の座標": [
                    48.27000045776367,
                    400.0
                ]
            },
            "加算分の枠": {
                "加算分の枠のスケール": 0.6200000047683716,
                "加算分の枠の座標": [
                    30.559999465942383,
                    292.0
                ]
            },
            "客の枠": {
                "客の枠のスケール": 0.800000011920929,
                "客の枠の座標": [
                    660.0,
                    360.0
                ]
            },
            "最大": {
                "最大のスケール": 0.5199999809265137,
                "最大の座標": [
                    108.20999908447266,
                    320.0
                ]
            },
            "最大の枠": {
                "最大の枠のスケール": 0.4000000059604645,
                "最大の枠の座標": [
                    106.36000061035156,
                    320.0
                ]
            }
        },
        "食べた数字": {
            "スケール": 0.800000011920929,
            "座標": [
                46.0,
                372.989990234375
            ],
            "間隔": 30.0
        }
    }
}
