{
    "Frame": {
        "プラスの数字": {
            "スケール": 1.0,
            "座標": [
                46.0,
                254.24000549316406
            ],
            "間隔": 36.0
        },
        "客の数字": {
            "スケール": 1.0,
            "座標": [
                554.4299926757813,
                338.010009765625
            ],
            "間隔": 36.0
        },
        "最大の数字": {
            "スケール": 1.0,
            "座標": [
                46.0,
                430.0
            ],
            "間隔": 36.0
        },
        "最大数": 100,
        "配置": {
            "プラス": {
                "プラスのスケール": 1.0,
                "プラスの座標": [
                    30.0,
                    290.0
                ]
            },
            "ボーナス": {
                "ボーナスのスケール": 1.0,
                "ボーナスの座標": [
                    584.4500122070313,
                    150.0
                ]
            },
            "人目": {
                "人目のスケール": 1.0,
                "人目の座標": [
                    560.0,
                    390.0
                ]
            },
            "今の数の枠": {
                "今の数の枠のスケール": 0.8999999761581421,
                "今の数の枠の座標": [
                    30.0,
                    400.0
                ]
            },
            "全体の枠": {
                "全体の枠のスケール": 0.8999999761581421,
                "全体の枠の座標": [
                    300.0,
                    360.0
                ]
            },
            "分数の棒": {
                "分数の棒のスケール": 0.15000000596046448,
                "分数の棒の座標": [
                    48.27000045776367,
                    400.0
                ]
            },
            "加算分の枠": {
                "加算分の枠のスケール": 0.7200000286102295,
                "加算分の枠の座標": [
                    30.559999465942383,
                    283.989990234375
                ]
            },
            "客の枠": {
                "客の枠のスケール": 0.8999999761581421,
                "客の枠の座標": [
                    562.75,
                    360.0
                ]
            },
            "最大": {
                "最大のスケール": 0.8600000143051147,
                "最大の座標": [
                    172.9499969482422,
                    305.3900146484375
                ]
            },
            "最大の枠": {
                "最大の枠のスケール": 0.75,
                "最大の枠の座標": [
                    163.22999572753906,
                    300.0
                ]
            }
        },
        "食べた数字": {
            "スケール": 1.0,
            "座標": [
                46.0,
                360.0
            ],
            "間隔": 36.0
        }
    }
}
