{
    "Equipment": {
        "ステージ関係": {
            "ステージの横幅": 18.0
        },
        "ボーナス関係": {
            "COLORラインの色": [
                0.9915611743927002,
                0.0,
                0.0,
                1.0
            ],
            "ラインのスケール": [
                2.0399999618530273,
                0.23000000417232513
            ],
            "ラインの幅": 7.389999866485596,
            "ラインの数": 10,
            "ラインの最初のx座標": -19.81999969482422,
            "高さ": 9.739999771118164
        },
        "生成関係": {
            "スケール": 1.5,
            "ステージの分割数": 10,
            "ステージの幅": 30.0,
            "分裂のスケール係数": 0.800000011920929,
            "分裂の回数": 3,
            "初期のy座標": 22.0
        },
        "落下関係": {
            "分裂までの反射回数": 20,
            "反発係数": 10.0,
            "最大速度": 10.0,
            "落下の加速度": 0.10000000149011612
        }
    }
}
