{
    "Volume": {
        "Master": {
            "Music全体のボリューム": -0.05000000074505806,
            "SE全体のボリューム": -0.09000000357627869
        },
        "Music": {
            "ゲームBGMのボリューム": 0.699999988079071
        },
        "SE": {
            "プレイヤーのジャンプの音のボリューム": 0.699999988079071,
            "具材の反射のボリューム": 0.699999988079071
        }
    }
}
