{
    "Volume": {
        "Master": {
            "Music全体のボリューム": 0.5799999833106995,
            "SE全体のボリューム": 0.5799999833106995
        },
        "Music": {
            "ゲームBGMのボリューム": 0.699999988079071
        },
        "SE": {
            "カーソルの操作音のボリューム": 0.6399999856948853,
            "クリアの音のボリューム": 0.699999988079071,
            "プレイヤーのジャンプの音のボリューム": 0.5,
            "マックスを示す音のボリューム": 0.699999988079071,
            "リザルトの決定音のボリューム": 0.699999988079071,
            "具材の反射のボリューム": 0.699999988079071,
            "満足した時の音のボリューム": 0.6600000262260437
        }
    }
}
