{
    "Volume": {
        "Master": {
            "Music全体のボリューム": 0.10000000149011612,
            "SE全体のボリューム": 0.1599999964237213
        },
        "Music": {
            "ゲームBGMのボリューム": 0.699999988079071
        },
        "SE": {
            "クリアの音のボリューム": 0.699999988079071,
            "プレイヤーのジャンプの音のボリューム": 0.5,
            "リザルトの決定音のボリューム": 0.699999988079071,
            "具材の反射のボリューム": 0.3700000047683716
        }
    }
}
