{
    "Volume": {
        "Tree1Master_Music全体のボリューム": 0.699999988079071,
        "Tree1Master_SE全体のボリューム": 0.699999988079071,
        "Tree1Music_シャイニングスターのボリューム": 0.699999988079071,
        "Tree1SE_タップ音のボリューム": 0.699999988079071,
        "Tree1SE_ライブ終わりの歓声のボリューム": 0.699999988079071,
        "Tree1SE_決定音のボリューム": 0.699999988079071
    }
}
