{
    "Customer": {
        "トランスフォーム": {
            "大きさ": [
                19.0,
                2.0,
                1.0
            ],
            "移動": [
                0.0,
                -20.0,
                0.0
            ]
        },
        "瞬き": {
            "抽選": {
                "当たる確率": 70,
                "抽選するフレーム": 10.0
            },
            "間隔": {
                "回数の最大値": 3,
                "回数の最小値": 2,
                "間隔の最大値": 0.4000000059604645,
                "間隔の最小値": 0.30000001192092896
            }
        }
    }
}
