{
    "Player": {
        "ジャンプ": {
            "ジャンプのインターバル": 0.5,
            "ジャンプ力": 9.600000381469727,
            "ボタンを押した時にかかる力": 0.05000000074505806,
            "横移動の大きさ": 5.0,
            "重力": 0.10000000149011612
        },
        "パン": {
            "上のパンの位置": 23.0,
            "下のパンの位置": -11.829999923706055,
            "下のパン再出現位置": -7.0
        },
        "移動制御": {
            "左右の制限": 18.0
        },
        "落下関連": {
            "落下速度": 50.0
        }
    }
}
