{
    "Player": {
        "ジャンプ": {
            "ジャンプのインターバル": 0.5,
            "ジャンプ力": 9.600000381469727,
            "横移動の大きさ": 5.0
        },
        "パン": {
            "上のパンの位置": 17.0,
            "下のパンの位置": -11.829999923706055
        },
        "移動制御": {
            "左右の制限": 18.0
        },
        "落下関連": {
            "落下速度": 50.0
        }
    }
}
