{
    "LoadLight": {
        "1回転の時間": 6.920000076293945,
        "ポジション": [
            13.380000114440918,
            1.3899999856948853,
            14.0
        ],
        "位置の間隔": 14.75,
        "向き": [
            0.7799999713897705,
            1.0,
            0.0
        ],
        "回転の半径": 0.2800000011920929
    }
}
