{
    "Eat": {
        "Eat": {
            "X軸の幅最大値": 3.0,
            "X軸の幅最小値": -3.0,
            "Y軸の幅最大値": 2.0,
            "Y軸の幅最小値": -2.0,
            "サイズ": [
                0.10000000149011612,
                0.10000000149011612,
                1.0
            ],
            "下に落とす力の倍率": 1.0,
            "作る個数": 10,
            "削除までの時間": 1.0,
            "座標": [
                0.0,
                0.0,
                1.0
            ],
            "色": [
                1.0,
                1.0,
                1.0,
                1.0
            ]
        }
    }
}
