{
    "Eat": {
        "Eat": {
            "X軸の幅最大値": 5.0,
            "X軸の幅最小値": -5.0,
            "Y軸の幅最大値": 5.710000038146973,
            "Y軸の幅最小値": -3.0,
            "サイズ": [
                0.5,
                0.5400000214576721,
                0.5199999809265137
            ],
            "下に落とす力の倍率": 20.0,
            "作る個数": 10,
            "削除までの時間": 8.739999771118164,
            "座標": [
                0.0,
                -15.0,
                -1.0
            ],
            "座標のオフセット最大値": 10.0,
            "座標のオフセット最小値": -10.0,
            "色": [
                1.0,
                0.7900000214576721,
                0.2199999988079071,
                1.0
            ],
            "落ちるまでの時間": 0.10000000149011612
        }
    }
}
