{
    "Screen1": {
        "スケール": 2.0,
        "ポジション": [
            -24.020000457763672,
            17.0,
            3.5
        ],
        "向き": [
            0.0,
            -0.4000000059604645,
            0.0
        ]
    }
}
