{
    "TitleSpotLight2": {
        "位置": [
            -15.720000267028809,
            2.5399999618530273,
            4.400000095367432
        ],
        "角度": [
            0.0,
            0.0,
            0.0
        ]
    }
}
