{
    "Stage0": {
        "アイドルの設置": {
            "メインアイドル": {
                "アイドル0": {
                    "初期座標": [
                        0.0,
                        3.8299999237060547,
                        0.0
                    ]
                },
                "アイドル1": {
                    "初期座標": [
                        6.039999961853027,
                        0.0,
                        0.0
                    ]
                },
                "アイドルの数": 1
            }
        },
        "スクリーンの設置": {
            "マルチスクリーン": {
                "スクリーン0": {
                    "スクリーン0": {
                        "カメラ": {
                            "ポジション": [
                                0.0,
                                15.449999809265137,
                                -23.950000762939453
                            ],
                            "角度": [
                                0.10000000149011612,
                                0.0,
                                0.0
                            ]
                        },
                        "スケール": 3.680000066757202,
                        "ポジション": [
                            0.0,
                            22.440000534057617,
                            30.0
                        ],
                        "向き": [
                            0.0,
                            0.0,
                            0.0
                        ]
                    },
                    "スクリーン1": {
                        "カメラ": {
                            "ポジション": [
                                15.859999656677246,
                                4.0,
                                -25.0
                            ],
                            "角度": [
                                -0.25,
                                -0.5,
                                0.0
                            ]
                        },
                        "スケール": 2.700000047683716,
                        "ポジション": [
                            32.0,
                            19.8700008392334,
                            25.0
                        ],
                        "向き": [
                            0.0,
                            0.46000000834465027,
                            0.0
                        ]
                    },
                    "スクリーン2": {
                        "カメラ": {
                            "ポジション": [
                                -15.859999656677246,
                                4.0,
                                -25.0
                            ],
                            "角度": [
                                -0.25,
                                0.5,
                                0.0
                            ]
                        },
                        "スケール": 2.700000047683716,
                        "ポジション": [
                            -32.0,
                            22.440000534057617,
                            30.0
                        ],
                        "向き": [
                            0.0,
                            -0.46000000834465027,
                            0.0
                        ]
                    },
                    "スクリーンの数": 3
                }
            }
        },
        "ステージ床の設置": {
            "ステージ床": {
                "ステージ床0": {
                    "COLOR床の色": [
                        0.08438819646835327,
                        0.08438819646835327,
                        0.08438819646835327,
                        1.0
                    ],
                    "スケール": 0.23999999463558197,
                    "ステージの設定": {
                        "COLOR色": [
                            0.46835440397262573,
                            0.21963101625442505,
                            0.14623725414276123,
                            1.0
                        ],
                        "スケール": 3.2899999618530273,
                        "位置": [
                            4.300000190734863,
                            -0.949999988079071,
                            9.850000381469727
                        ]
                    },
                    "ステージを描画するか": true,
                    "水にするか": true,
                    "水の設定": {
                        "うねうねの動きにくさ": 30,
                        "うねうねの色": [
                            0.36000001430511475,
                            0.5699999928474426,
                            0.8999999761581421
                        ],
                        "密度": 2.859999895095825,
                        "水の色": [
                            0.0,
                            0.5600000023841858,
                            1.0
                        ]
                    }
                }
            }
        },
        "ドームの設置": {
            "ドーム": {
                "ドーム0": {
                    "スケール": 1.0,
                    "回転": 0.0
                }
            }
        },
        "パーティクルの設置": {
            "炎": {
                "パーティクル0": {
                    "座標": [
                        0.699999988079071,
                        0.11999999731779099,
                        0.0
                    ]
                },
                "パーティクルの数": 0
            }
        },
        "ライトの設置": {
            "スポットライト": {
                "ライトの数": 0
            },
            "ツインスポットライト": {
                "ライト0～9": {
                    "ライト0": {
                        "ライトの調整": {
                            "COLOR内のライトの色": [
                                0.1725490242242813,
                                0.1725490242242813,
                                0.1725490242242813,
                                1.0
                            ],
                            "COLOR外のライトの色": [
                                0.0941176488995552,
                                1.0,
                                0.8274509906768799,
                                1.0
                            ],
                            "内のライトの減衰し始める角度": 0.9710000157356262,
                            "内のライトの減衰率": 3.200000047683716,
                            "内のライトの距離": 0.9700000286102295,
                            "内のライトの輝度": 22.0,
                            "内のライトの開く角度": 0.9700000286102295,
                            "外のライトの減衰し始める角度": 0.9800000190734863,
                            "外のライトの減衰率": 3.484999895095825,
                            "外のライトの距離": 23.0,
                            "外のライトの輝度": 12.196000099182129,
                            "外のライトの開く角度": 0.949999988079071
                        },
                        "位置": [
                            10.8100004196167,
                            32.09000015258789,
                            8.050000190734863
                        ],
                        "回転": [
                            -3.2799999713897705,
                            0.0,
                            -0.10999999940395355
                        ]
                    },
                    "ライト1": {
                        "ライトの調整": {
                            "COLOR内のライトの色": [
                                0.1725490242242813,
                                0.1725490242242813,
                                0.1725490242242813,
                                1.0
                            ],
                            "COLOR外のライトの色": [
                                0.0941176488995552,
                                1.0,
                                0.8274509906768799,
                                1.0
                            ],
                            "内のライトの減衰し始める角度": 0.9710000157356262,
                            "内のライトの減衰率": 3.200000047683716,
                            "内のライトの距離": 0.9700000286102295,
                            "内のライトの輝度": 22.0,