{
    "Screen": {
        "スケール": 2.9700000286102295,
        "ポジション": [
            0.0,
            12.34000015258789,
            4.0
        ],
        "向き": [
            0.0,
            0.0,
            0.0
        ]
    }
}
