{
    "Result": {
        "クリア": {
            "はじめからの位置": [
                350.0,
                590.0
            ],
            "タイトルの位置": [
                350.0,
                690.0
            ],
            "リザルトの位置": [
                350.0,
                80.0
            ]
        },
        "ゲームオーバー": {
            "つづきからの位置": [
                300.0,
                504.0
            ],
            "はじめからの位置": [
                300.0,
                144.0
            ],
            "タイトルの位置": [
                300.0,
                264.0
            ],
            "リザルトの位置": [
                300.0,
                384.0
            ]
        },
        "スケール": {
            "その他のスケール": 0.7699999809265137,
            "クリアのスケール": 1.0,
            "ゲームオーバーのスケール": 1.0
        },
        "人": {
            "人のスケール": 1.0,
            "人の位置": [
                440.0,
                393.25
            ]
        },
        "満足": {
            "満足のスケール": 1.0,
            "満足の位置": [
                350.0,
                209.07000732421875
            ]
        },
        "背景": {
            "背景のスケール": 1.0,
            "背景の位置": [
                350.0,
                375.0
            ]
        },
        "評価文": {
            "いいねになる数": 4,
            "いいねのスケール": 0.800000011920929,
            "もう少しのスケール": 0.800000011920929,
            "評価文の位置": [
                350.0,
                491.57000732421875
            ]
        },
        "遷移": {
            "サイズ": 24.579999923706055,
            "位置": [
                49.689998626708984,
                0.8600000143051147,
                -4.25
            ],
            "回転速度": 3.0,
            "時間": 1.0
        }
    }
}
