{
    "Result": {
        "クリア": {
            "はじめからの位置": [
                350.0,
                550.0
            ],
            "タイトルの位置": [
                350.0,
                650.0
            ],
            "リザルトの位置": [
                350.0,
                120.0
            ]
        },
        "ゲームオーバー": {
            "つづきからの位置": [
                300.0,
                504.0
            ],
            "はじめからの位置": [
                300.0,
                144.0
            ],
            "タイトルの位置": [
                300.0,
                264.0
            ],
            "リザルトの位置": [
                300.0,
                384.0
            ]
        },
        "スケール": {
            "その他のスケール": 0.7699999809265137,
            "クリアのスケール": 1.0,
            "ゲームオーバーのスケール": 1.0
        },
        "人": {
            "人のスケール": 1.0,
            "人の位置": [
                514.5599975585938,
                375.0
            ]
        },
        "満足": {
            "満足のスケール": 1.0,
            "満足の位置": [
                350.0,
                220.35000610351563
            ]
        },
        "背景": {
            "背景のスケール": 1.0,
            "背景の位置": [
                350.0,
                375.0
            ]
        },
        "遷移": {
            "サイズ": 24.579999923706055,
            "位置": [
                49.689998626708984,
                0.8600000143051147,
                -4.25
            ],
            "回転速度": 1.0,
            "時間": 1.0
        }
    }
}
