{
    "Result": {
        "クリア": {
            "はじめからの位置": [
                300.0,
                144.0
            ],
            "タイトルの位置": [
                300.0,
                264.0
            ],
            "リザルトの位置": [
                300.0,
                384.0
            ]
        },
        "ゲームオーバー": {
            "つづきからの位置": [
                300.0,
                504.0
            ],
            "はじめからの位置": [
                300.0,
                144.0
            ],
            "タイトルの位置": [
                300.0,
                264.0
            ],
            "リザルトの位置": [
                300.0,
                384.0
            ]
        },
        "スケール": {
            "その他のスケール": 1.0,
            "クリアのスケール": 1.0,
            "ゲームオーバーのスケール": 1.0
        },
        "遷移": {
            "サイズ": 22.709999084472656,
            "位置": [
                43.68000030517578,
                0.8600000143051147,
                -4.25
            ],
            "回転速度": 1.0,
            "時間": 1.0
        }
    }
}
